f_hex,g_hex,label,k,qstart,vac_period,n_gliders,glider_examples,n_interact_tested,n_interact_dependent,example_dependent
ff00,d555,generic,2,,,0,,0,0,
ff00,d555,generic,3,,,0,,0,0,
ff00,d5d5,generic,2,,,0,,0,0,
ff00,d5d5,generic,3,,,0,,0,0,
ff00,d5ff,generic,2,,,0,,0,0,
ff00,d5ff,generic,3,,,0,,0,0,
ff00,dd55,generic,2,,,0,,0,0,
ff00,dd55,generic,3,,,0,,0,0,
ff00,ddd5,generic,2,,,0,,0,0,
ff00,ddd5,generic,3,,,0,,0,0,
ff00,dddd,generic,2,,,0,,0,0,
ff00,dddd,generic,3,,,0,,0,0,
ff00,ddff,generic,2,,,0,,0,0,
ff00,ddff,generic,3,,,0,,0,0,
ff00,df5f,generic,2,,,0,,0,0,
ff00,df5f,generic,3,,,0,,0,0,
ff00,dfdf,generic,2,,,0,,0,0,
ff00,dfdf,generic,3,,,0,,0,0,
ff00,e000,generic,2,,,0,,0,0,
ff00,e000,generic,3,,,0,,0,0,
ff00,e080,generic,2,,,0,,0,0,
ff00,e080,generic,3,,,0,,0,0,
ff00,e0a0,generic,2,,,0,,0,0,
ff00,e0a0,generic,3,,,0,,0,0,
ff00,e0c0,generic,2,,,0,,0,0,
ff00,e0c0,generic,3,,,0,,0,0,
ff00,e0e0,generic,2,,,0,,0,0,
ff00,e0e0,generic,3,,,0,,0,0,
ff00,e0ff,generic,2,,,0,,0,0,
ff00,e0ff,generic,3,,,0,,0,0,
ff00,e800,generic,2,,,0,,0,0,
ff00,e800,generic,3,,,0,,0,0,
ff00,e888,generic,2,,,0,,0,0,
ff00,e888,generic,3,,,0,,0,0,
ff00,e8a0,generic,2,,,0,,0,0,
ff00,e8a0,generic,3,,,0,,0,0,
ff00,e8a8,generic,2,,,0,,0,0,
ff00,e8a8,generic,3,,,0,,0,0,
ff00,e8c0,generic,2,,,0,,0,0,
ff00,e8c0,generic,3,,,0,,0,0,
ff00,e8c8,generic,2,,,0,,0,0,
ff00,e8c8,generic,3,,,0,,0,0,
ff00,e8e0,generic,2,,,0,,0,0,
ff00,e8e0,generic,3,,,0,,0,0,
ff00,e8e8,generic,2,,,0,,0,0,
ff00,e8e8,generic,3,,,0,,0,0,
ff00,ea00,generic,2,,,0,,0,0,
ff00,ea00,generic,3,,,0,,0,0,
ff00,ea80,generic,2,,,0,,0,0,
ff00,ea80,generic,3,,,0,,0,0,
ff00,ea88,generic,2,,,0,,0,0,
ff00,ea88,generic,3,,,0,,0,0,
ff00,eaa0,generic,2,,,0,,0,0,
ff00,eaa0,generic,3,,,0,,0,0,
ff00,eaaa,generic,2,,,0,,0,0,
ff00,eaaa,generic,3,,,0,,0,0,
ff00,eac0,generic,2,,,0,,0,0,
ff00,eac0,generic,3,,,0,,0,0,
ff00,eac8,generic,2,,,0,,0,0,
ff00,eac8,generic,3,,,0,,0,0,
ff00,eae0,generic,2,,,0,,0,0,
ff00,eae0,generic,3,,,0,,0,0,
ff00,eaea,generic,2,,,0,,0,0,
ff00,eaea,generic,3,,,0,,0,0,
ff00,eaff,generic,2,,,0,,0,0,
ff00,eaff,generic,3,,,0,,0,0,
ff00,ec00,generic,2,,,0,,0,0,
ff00,ec00,generic,3,,,0,,0,0,
ff00,ec80,generic,2,,,0,,0,0,
ff00,ec80,generic,3,,,0,,0,0,
ff00,ec88,generic,2,,,0,,0,0,
ff00,ec88,generic,3,,,0,,0,0,
ff00,eca0,generic,2,,,0,,0,0,
ff00,eca0,generic,3,,,0,,0,0,
ff00,eca8,generic,2,,,0,,0,0,
ff00,eca8,generic,3,,,0,,0,0,
ff00,ecc0,generic,2,,,0,,0,0,
ff00,ecc0,generic,3,,,0,,0,0,
ff00,eccc,generic,2,,,0,,0,0,
ff00,eccc,generic,3,,,0,,0,0,
ff00,ece0,generic,2,,,0,,0,0,
ff00,ece0,generic,3,,,0,,0,0,
ff00,ecec,generic,2,,,0,,0,0,
ff00,ecec,generic,3,,,0,,0,0,
ff00,ecff,generic,2,,,0,,0,0,
ff00,ecff,generic,3,,,0,,0,0,
ff00,ee00,generic,2,,,0,,0,0,
ff00,ee00,generic,3,,,0,,0,0,
ff00,ee80,generic,2,,,0,,0,0,
ff00,ee80,generic,3,,,0,,0,0,
ff00,ee88,generic,2,,,0,,0,0,
ff00,ee88,generic,3,,,0,,0,0,
ff00,eea0,generic,2,,,0,,0,0,
ff00,eea0,generic,3,,,0,,0,0,
ff00,eeaa,generic,2,,,0,,0,0,
ff00,eeaa,generic,3,,,0,,0,0,
ff00,eec0,generic,2,,,0,,0,0,
ff00,eec0,generic,3,,,0,,0,0,
ff00,eecc,generic,2,,,0,,0,0,
ff00,eecc,generic,3,,,0,,0,0,
ff00,eeea,generic,2,,,0,,0,0,
ff00,eeea,generic,3,,,0,,0,0,
ff00,eeec,generic,2,,,0,,0,0,
ff00,eeec,generic,3,,,0,,0,0,
ff00,eeee,generic,2,,,0,,0,0,
ff00,eeee,generic,3,,,0,,0,0,
ff00,eeff,generic,2,,,0,,0,0,
ff00,eeff,generic,3,,,0,,0,0,
ff00,ef0f,generic,2,,,0,,0,0,
ff00,ef0f,generic,3,,,0,,0,0,
ff00,efaf,generic,2,,,0,,0,0,
ff00,efaf,generic,3,,,0,,0,0,
ff00,efcf,generic,2,,,0,,0,0,
ff00,efcf,generic,3,,,0,,0,0,
ff00,efef,generic,2,,,0,,0,0,
ff00,efef,generic,3,,,0,,0,0,
ff00,f000,generic,2,,,0,,0,0,
ff00,f000,generic,3,,,0,,0,0,
ff00,f080,generic,2,,,0,,0,0,
ff00,f080,generic,3,,,0,,0,0,
ff00,f0a0,generic,2,,,0,,0,0,
ff00,f0a0,generic,3,,,0,,0,0,
ff00,f0c0,generic,2,,,0,,0,0,
ff00,f0c0,generic,3,,,0,,0,0,
ff00,f0e0,generic,2,,,0,,0,0,
ff00,f0e0,generic,3,,,0,,0,0,
ff00,f0ff,generic,2,,,0,,0,0,
ff00,f0ff,generic,3,,,0,,0,0,
ff00,f333,generic,2,,,0,,0,0,
ff00,f333,generic,3,,,0,,0,0,
ff00,f3b3,generic,2,,,0,,0,0,
ff00,f3b3,generic,3,,,0,,0,0,
ff00,f3f3,generic,2,,,0,,0,0,
ff00,f3f3,generic,3,,,0,,0,0,
ff00,f3ff,generic,2,,,0,,0,0,
ff00,f3ff,generic,3,,,0,,0,0,
ff00,f555,generic,2,,,0,,0,0,
ff00,f555,generic,3,,,0,,0,0,
ff00,f5d5,generic,2,,,0,,0,0,
ff00,f5d5,generic,3,,,0,,0,0,
ff00,f5f5,generic,2,,,0,,0,0,
ff00,f5f5,generic,3,,,0,,0,0,
ff00,f5ff,generic,2,,,0,,0,0,
ff00,f5ff,generic,3,,,0,,0,0,
ff00,f777,generic,2,,,0,,0,0,
ff00,f777,generic,3,,,0,,0,0,
ff00,f7f7,generic,2,,,0,,0,0,
ff00,f7f7,generic,3,,,0,,0,0,
ff00,f800,generic,2,,,0,,0,0,
ff00,f800,generic,3,,,0,,0,0,
ff00,f880,generic,2,,,0,,0,0,
ff00,f880,generic,3,,,0,,0,0,
ff00,f888,generic,2,,,0,,0,0,
ff00,f888,generic,3,,,0,,0,0,
ff00,f8a0,generic,2,,,0,,0,0,
ff00,f8a0,generic,3,,,0,,0,0,
ff00,f8a8,generic,2,,,0,,0,0,
ff00,f8a8,generic,3,,,0,,0,0,
ff00,f8c0,generic,2,,,0,,0,0,
ff00,f8c0,generic,3,,,0,,0,0,
ff00,f8c8,generic,2,,,0,,0,0,
ff00,f8c8,generic,3,,,0,,0,0,
ff00,f8f0,generic,2,,,0,,0,0,
ff00,f8f0,generic,3,,,0,,0,0,
ff00,f8f8,generic,2,,,0,,0,0,
ff00,f8f8,generic,3,,,0,,0,0,
ff00,f8ff,generic,2,,,0,,0,0,
ff00,f8ff,generic,3,,,0,,0,0,
ff00,fa00,generic,2,,,0,,0,0,
ff00,fa00,generic,3,,,0,,0,0,
ff00,fa80,generic,2,,,0,,0,0,
ff00,fa80,generic,3,,,0,,0,0,
ff00,fa88,generic,2,,,0,,0,0,
ff00,fa88,generic,3,,,0,,0,0,
ff00,faa0,generic,2,,,0,,0,0,
ff00,faa0,generic,3,,,0,,0,0,
ff00,faaa,generic,2,,,0,,0,0,
ff00,faaa,generic,3,,,0,,0,0,
ff00,fac0,generic,2,,,0,,0,0,
ff00,fac0,generic,3,,,0,,0,0,
ff00,faea,generic,2,,,0,,0,0,
ff00,faea,generic,3,,,0,,0,0,
ff00,faf0,generic,2,,,0,,0,0,
ff00,faf0,generic,3,,,0,,0,0,
ff00,faf8,generic,2,,,0,,0,0,
ff00,faf8,generic,3,,,0,,0,0,
ff00,fafa,generic,2,,,0,,0,0,
ff00,fafa,generic,3,,,0,,0,0,
ff00,faff,generic,2,,,0,,0,0,
ff00,faff,generic,3,,,0,,0,0,
ff00,fb33,generic,2,,,0,,0,0,
ff00,fb33,generic,3,,,0,,0,0,
ff00,fbbb,generic,2,,,0,,0,0,
ff00,fbbb,generic,3,,,0,,0,0,
ff00,fbf3,generic,2,,,0,,0,0,
ff00,fbf3,generic,3,,,0,,0,0,
ff00,fbfb,generic,2,,,0,,0,0,
ff00,fbfb,generic,3,,,0,,0,0,
ff00,fc00,generic,2,,,0,,0,0,
ff00,fc00,generic,3,,,0,,0,0,
ff00,fc80,generic,2,,,0,,0,0,
ff00,fc80,generic,3,,,0,,0,0,
ff00,fc88,generic,2,,,0,,0,0,
ff00,fc88,generic,3,,,0,,0,0,
ff00,fca0,generic,2,,,0,,0,0,
ff00,fca0,generic,3,,,0,,0,0,
ff00,fcc0,generic,2,,,0,,0,0,
ff00,fcc0,generic,3,,,0,,0,0,
ff00,fccc,generic,2,,,0,,0,0,
ff00,fccc,generic,3,,,0,,0,0,
ff00,fcec,generic,2,,,0,,0,0,
ff00,fcec,generic,3,,,0,,0,0,
ff00,fcf0,generic,2,,,0,,0,0,
ff00,fcf0,generic,3,,,0,,0,0,
ff00,fcf8,generic,2,,,0,,0,0,
ff00,fcf8,generic,3,,,0,,0,0,
ff00,fcfc,generic,2,,,0,,0,0,
ff00,fcfc,generic,3,,,0,,0,0,
ff00,fcff,generic,2,,,0,,0,0,
ff00,fcff,generic,3,,,0,,0,0,
ff00,fd55,generic,2,,,0,,0,0,
ff00,fd55,generic,3,,,0,,0,0,
ff00,fddd,generic,2,,,0,,0,0,
ff00,fddd,generic,3,,,0,,0,0,
ff00,fdf5,generic,2,,,0,,0,0,
ff00,fdf5,generic,3,,,0,,0,0,
ff00,fdfd,generic,2,,,0,,0,0,
ff00,fdfd,generic,3,,,0,,0,0,
ff00,fe00,generic,2,,,0,,0,0,
ff00,fe00,generic,3,,,0,,0,0,
ff00,feaa,generic,2,,,0,,0,0,
ff00,feaa,generic,3,,,0,,0,0,
ff00,fecc,generic,2,,,0,,0,0,
ff00,fecc,generic,3,,,0,,0,0,
ff00,feee,generic,2,,,0,,0,0,
ff00,feee,generic,3,,,0,,0,0,
ff00,fef0,generic,2,,,0,,0,0,
ff00,fef0,generic,3,,,0,,0,0,
ff00,fefa,generic,2,,,0,,0,0,
ff00,fefa,generic,3,,,0,,0,0,
ff00,fefc,generic,2,,,0,,0,0,
ff00,fefc,generic,3,,,0,,0,0,
ff00,fefe,generic,2,,,0,,0,0,
ff00,fefe,generic,3,,,0,,0,0,
ff00,ff0f,generic,2,,,0,,0,0,
ff00,ff0f,generic,3,,,0,,0,0,
ff00,ff33,generic,2,,,0,,0,0,
ff00,ff33,generic,3,,,0,,0,0,
ff00,ff3f,generic,2,,,0,,0,0,
ff00,ff3f,generic,3,,,0,,0,0,
ff00,ff55,generic,2,,,0,,0,0,
ff00,ff55,generic,3,,,0,,0,0,
ff00,ff5f,generic,2,,,0,,0,0,
ff00,ff5f,generic,3,,,0,,0,0,
ff00,ff77,generic,2,,,0,,0,0,
ff00,ff77,generic,3,,,0,,0,0,
ff00,ff80,generic,2,,,0,,0,0,
ff00,ff80,generic,3,,,0,,0,0,
ff00,ff88,generic,2,,,0,,0,0,
ff00,ff88,generic,3,,,0,,0,0,
ff00,ff8f,generic,2,,,0,,0,0,
ff00,ff8f,generic,3,,,0,,0,0,
ff00,ffa0,generic,2,,,0,,0,0,
ff00,ffa0,generic,3,,,0,,0,0,
ff00,ffa8,generic,2,,,0,,0,0,
ff00,ffa8,generic,3,,,0,,0,0,
ff00,ffaa,generic,2,,,0,,0,0,
ff00,ffaa,generic,3,,,0,,0,0,
ff00,ffaf,generic,2,,,0,,0,0,
ff00,ffaf,generic,3,,,0,,0,0,
ff00,ffb3,generic,2,,,0,,0,0,
ff00,ffb3,generic,3,,,0,,0,0,
ff00,ffbb,generic,2,,,0,,0,0,
ff00,ffbb,generic,3,,,0,,0,0,
ff00,ffc0,generic,2,,,0,,0,0,
ff00,ffc0,generic,3,,,0,,0,0,
ff00,ffc8,generic,2,,,0,,0,0,
ff00,ffc8,generic,3,,,0,,0,0,
ff00,ffcc,generic,2,,,0,,0,0,
ff00,ffcc,generic,3,,,0,,0,0,
ff00,ffcf,generic,2,,,0,,0,0,
ff00,ffcf,generic,3,,,0,,0,0,
ff00,ffd5,generic,2,,,0,,0,0,
ff00,ffd5,generic,3,,,0,,0,0,
ff00,ffdd,generic,2,,,0,,0,0,
ff00,ffdd,generic,3,,,0,,0,0,
ff00,ffe0,generic,2,,,0,,0,0,
ff00,ffe0,generic,3,,,0,,0,0,
ff00,ffea,generic,2,,,0,,0,0,
ff00,ffea,generic,3,,,0,,0,0,
ff00,ffec,generic,2,,,0,,0,0,
ff00,ffec,generic,3,,,0,,0,0,
ff00,ffee,generic,2,,,0,,0,0,
ff00,ffee,generic,3,,,0,,0,0,
ff00,fff0,generic,2,,,0,,0,0,
ff00,fff0,generic,3,,,0,,0,0,
ff00,fff3,generic,2,,,0,,0,0,
ff00,fff3,generic,3,,,0,,0,0,
ff00,fff5,generic,2,,,0,,0,0,
ff00,fff5,generic,3,,,0,,0,0,
ff00,fff8,generic,2,,,0,,0,0,
ff00,fff8,generic,3,,,0,,0,0,
ff00,fffa,generic,2,,,0,,0,0,
ff00,fffa,generic,3,,,0,,0,0,
ff00,fffc,generic,2,,,0,,0,0,
ff00,fffc,generic,3,,,0,,0,0,
ff80,aaaa,generic,2,,,0,,0,0,
ff80,aaaa,generic,3,,,0,,0,0,
ff80,cccc,generic,2,,,0,,0,0,
ff80,cccc,generic,3,,,0,,0,0,
ff80,f0f0,generic,2,,,0,,0,0,
ff80,f0f0,generic,3,,,0,,0,0,
ff88,aaaa,generic,2,,,0,,0,0,
ff88,aaaa,generic,3,,,0,,0,0,
ff88,cccc,generic,2,,,0,,0,0,
ff88,cccc,generic,3,,,0,,0,0,
ff88,f0f0,generic,2,,,0,,0,0,
ff88,f0f0,generic,3,,,0,,0,0,
ff8f,aaaa,generic,2,,,0,,0,0,
ff8f,aaaa,generic,3,,,0,,0,0,
ff8f,cccc,generic,2,,,0,,0,0,
ff8f,cccc,generic,3,,,0,,0,0,
ff8f,f0f0,generic,2,,,0,,0,0,
ff8f,f0f0,generic,3,,,0,,0,0,
ffa0,aaaa,generic,2,,,0,,0,0,
ffa0,aaaa,generic,3,,,0,,0,0,
ffa0,cccc,generic,2,,,0,,0,0,
ffa0,cccc,generic,3,,,0,,0,0,
ffa0,f0f0,generic,2,,,0,,0,0,
ffa0,f0f0,generic,3,,,0,,0,0,
ffa8,aaaa,generic,2,,,0,,0,0,
ffa8,aaaa,generic,3,,,0,,0,0,
ffa8,cccc,generic,2,,,0,,0,0,
ffa8,cccc,generic,3,,,0,,0,0,
ffa8,f0f0,generic,2,,,0,,0,0,
ffa8,f0f0,generic,3,,,0,,0,0,
ffaa,aaaa,generic,2,,,0,,0,0,
ffaa,aaaa,generic,3,,,0,,0,0,
ffaa,cccc,generic,2,,,0,,0,0,
ffaa,cccc,generic,3,,,0,,0,0,
ffaa,f0f0,generic,2,,,0,,0,0,
ffaa,f0f0,generic,3,,,0,,0,0,
ffaf,aaaa,generic,2,,,0,,0,0,
ffaf,aaaa,generic,3,,,0,,0,0,
ffaf,cccc,generic,2,,,0,,0,0,
ffaf,cccc,generic,3,,,0,,0,0,
ffaf,f0f0,generic,2,,,0,,0,0,
ffaf,f0f0,generic,3,,,0,,0,0,
ffb3,aaaa,generic,2,,,0,,0,0,
ffb3,aaaa,generic,3,,,0,,0,0,
ffb3,cccc,generic,2,,,0,,0,0,
ffb3,cccc,generic,3,,,0,,0,0,
ffb3,f0f0,generic,2,,,0,,0,0,
ffb3,f0f0,generic,3,,,0,,0,0,
ffbb,aaaa,generic,2,,,0,,0,0,
ffbb,aaaa,generic,3,,,0,,0,0,
ffbb,cccc,generic,2,,,0,,0,0,
ffbb,cccc,generic,3,,,0,,0,0,
ffbb,f0f0,generic,2,,,0,,0,0,
ffbb,f0f0,generic,3,,,0,,0,0,
ffc0,aaaa,generic,2,,,0,,0,0,
ffc0,aaaa,generic,3,,,0,,0,0,
ffc0,cccc,generic,2,,,0,,0,0,
ffc0,cccc,generic,3,,,0,,0,0,
ffc0,f0f0,generic,2,,,0,,0,0,
ffc0,f0f0,generic,3,,,0,,0,0,
ffc8,aaaa,generic,2,,,0,,0,0,
ffc8,aaaa,generic,3,,,0,,0,0,
ffc8,cccc,generic,2,,,0,,0,0,
ffc8,cccc,generic,3,,,0,,0,0,
ffc8,f0f0,generic,2,,,0,,0,0,
ffc8,f0f0,generic,3,,,0,,0,0,
ffcc,aaaa,generic,2,,,0,,0,0,
ffcc,aaaa,generic,3,,,0,,0,0,
ffcc,cccc,generic,2,,,0,,0,0,
ffcc,cccc,generic,3,,,0,,0,0,
ffcc,f0f0,generic,2,,,0,,0,0,
ffcc,f0f0,generic,3,,,0,,0,0,
ffcf,aaaa,generic,2,,,0,,0,0,
ffcf,aaaa,generic,3,,,0,,0,0,
ffcf,cccc,generic,2,,,0,,0,0,
ffcf,cccc,generic,3,,,0,,0,0,
ffcf,f0f0,generic,2,,,0,,0,0,
ffcf,f0f0,generic,3,,,0,,0,0,
ffd5,aaaa,generic,2,,,0,,0,0,
ffd5,aaaa,generic,3,,,0,,0,0,
ffd5,cccc,generic,2,,,0,,0,0,
ffd5,cccc,generic,3,,,0,,0,0,
ffd5,f0f0,generic,2,,,0,,0,0,
ffd5,f0f0,generic,3,,,0,,0,0,
ffdd,aaaa,generic,2,,,0,,0,0,
ffdd,aaaa,generic,3,,,0,,0,0,
ffdd,cccc,generic,2,,,0,,0,0,
ffdd,cccc,generic,3,,,0,,0,0,
ffdd,f0f0,generic,2,,,0,,0,0,
ffdd,f0f0,generic,3,,,0,,0,0,
ffe0,aaaa,generic,2,,,0,,0,0,
ffe0,aaaa,generic,3,,,0,,0,0,
ffe0,cccc,generic,2,,,0,,0,0,
ffe0,cccc,generic,3,,,0,,0,0,
ffe0,f0f0,generic,2,,,0,,0,0,
ffe0,f0f0,generic,3,,,0,,0,0,
ffea,aaaa,generic,2,,,0,,0,0,
ffea,aaaa,generic,3,,,0,,0,0,
ffea,cccc,generic,2,,,0,,0,0,
ffea,cccc,generic,3,,,0,,0,0,
ffea,f0f0,generic,2,,,0,,0,0,
ffea,f0f0,generic,3,,,0,,0,0,
ffec,aaaa,generic,2,,,0,,0,0,
ffec,aaaa,generic,3,,,0,,0,0,
ffec,cccc,generic,2,,,0,,0,0,
ffec,cccc,generic,3,,,0,,0,0,
ffec,f0f0,generic,2,,,0,,0,0,
ffec,f0f0,generic,3,,,0,,0,0,
ffee,aaaa,generic,2,,,0,,0,0,
ffee,aaaa,generic,3,,,0,,0,0,
ffee,cccc,generic,2,,,0,,0,0,
ffee,cccc,generic,3,,,0,,0,0,
ffee,f0f0,generic,2,,,0,,0,0,
ffee,f0f0,generic,3,,,0,,0,0,
fff0,aaaa,generic,2,,,0,,0,0,
fff0,aaaa,generic,3,,,0,,0,0,
fff0,cccc,generic,2,,,0,,0,0,
fff0,cccc,generic,3,,,0,,0,0,
fff0,f0f0,generic,2,,,0,,0,0,
fff0,f0f0,generic,3,,,0,,0,0,
fff3,aaaa,generic,2,,,0,,0,0,
fff3,aaaa,generic,3,,,0,,0,0,
fff3,cccc,generic,2,,,0,,0,0,
fff3,cccc,generic,3,,,0,,0,0,
fff3,f0f0,generic,2,,,0,,0,0,
fff3,f0f0,generic,3,,,0,,0,0,
fff5,aaaa,generic,2,,,0,,0,0,
fff5,aaaa,generic,3,,,0,,0,0,
fff5,cccc,generic,2,,,0,,0,0,
fff5,cccc,generic,3,,,0,,0,0,
fff5,f0f0,generic,2,,,0,,0,0,
fff5,f0f0,generic,3,,,0,,0,0,
fff8,aaaa,generic,2,,,0,,0,0,
fff8,aaaa,generic,3,,,0,,0,0,
fff8,cccc,generic,2,,,0,,0,0,
fff8,cccc,generic,3,,,0,,0,0,
fff8,f0f0,generic,2,,,0,,0,0,
fff8,f0f0,generic,3,,,0,,0,0,
fffa,aaaa,generic,2,,,0,,0,0,
fffa,aaaa,generic,3,,,0,,0,0,
fffa,cccc,generic,2,,,0,,0,0,
fffa,cccc,generic,3,,,0,,0,0,
fffa,f0f0,generic,2,,,0,,0,0,
fffa,f0f0,generic,3,,,0,,0,0,
fffc,aaaa,generic,2,,,0,,0,0,
fffc,aaaa,generic,3,,,0,,0,0,
fffc,cccc,generic,2,,,0,,0,0,
fffc,cccc,generic,3,,,0,,0,0,
fffc,f0f0,generic,2,,,0,,0,0,
fffc,f0f0,generic,3,,,0,,0,0,
0003,0000,clock,2,,,0,,0,0,
0003,0000,clock,3,,,0,,0,0,
000d,ff00,clock,2,1,1,0,,11492,0,
000d,ff00,clock,3,1,1,0,,11492,0,
001b,f0f0,generic,2,,,0,,0,0,
001b,f0f0,generic,3,,,0,,0,0,
002b,aaaa,generic,2,,,0,,0,0,
002b,aaaa,generic,3,,,0,,0,0,
0033,ffff,clock,2,1,1,0,,11492,0,
0033,ffff,clock,3,1,1,0,,11492,0,
003e,f0f0,generic,2,0,1,7,1/1:t=2,sh=2;1/2:t=2,sh=2;1/3:t=2,sh=2;4/3:t=2,sh=2;1/4:t=2,sh=2;4/4:t=2,sh=2;9/4:t=2,sh=2;,11492,11288,1/1,1/1,d=8
003e,f0f0,generic,3,0,1,1,12/4:t=4,sh=1;,11492,3706,1/1,2/2,d=8
004e,aaaa,generic,2,0,1,3,2/2:t=1,sh=1;2/3:t=1,sh=1;2/4:t=1,sh=1;,11492,0,
004e,aaaa,generic,3,0,1,0,,11492,0,
0055,ffff,clock,2,1,1,0,,11492,0,
0055,ffff,clock,3,1,1,0,,11492,0,
005f,f0f0,generic,2,,,0,,0,0,
005f,f0f0,generic,3,,,0,,0,0,
0072,aaaa,generic,2,0,1,0,,11492,0,
0072,aaaa,generic,3,0,1,0,,11492,11492,1/1,1/1,d=8
007a,ffff,clock,2,1,1,0,,11492,0,
007a,ffff,clock,3,1,1,0,,11492,0,
008b,0000,clock,2,,,0,,0,0,
008b,0000,clock,3,,,0,,0,0,
009b,ff00,clock,2,1,1,0,,11492,0,
009b,ff00,clock,3,1,1,0,,11492,0,
00a7,ffff,clock,2,1,1,0,,11492,0,
00a7,ffff,clock,3,1,1,0,,11492,0,
00b0,f0f0,generic,2,0,1,0,,11492,0,
00b0,f0f0,generic,3,0,1,0,,11492,0,
00b9,aaaa,generic,2,,,0,,0,0,
00b9,aaaa,generic,3,,,0,,0,0,
00bf,ffff,clock,2,1,1,0,,11492,0,
00bf,ffff,clock,3,1,1,0,,11492,0,
00cb,f0f0,generic,2,,,0,,0,0,
00cb,f0f0,generic,3,,,0,,0,0,
00d3,ff00,clock,2,1,1,0,,11492,0,
00d3,ff00,clock,3,1,1,0,,11492,0,
00db,cccc,generic,2,,,0,,0,0,
00db,cccc,generic,3,,,0,,0,0,
00e3,f0f0,generic,2,,,0,,0,0,
00e3,f0f0,generic,3,,,0,,0,0,
00ec,cccc,generic,2,0,1,2,6/3:t=1,sh=1;6/4:t=1,sh=1;,11492,0,
00ec,cccc,generic,3,0,1,0,,11492,10828,1/1,1/1,d=8
00f4,cccc,generic,2,0,1,0,,11492,11492,1/1,1/1,d=8
00f4,cccc,generic,3,0,1,0,,11492,11492,1/1,1/1,d=8
00fc,aaaa,generic,2,0,1,0,,11492,0,
00fc,aaaa,generic,3,0,1,0,,11492,0,
